{"self-bleu": 0.02206768072402293, "self-bleu hashvalue": "c206893c2272af489147b80df306ee703e71d9eb178f6bb06c73cb935f474452", "fw-bleu": 0.3831004349785445, "bw-bleu": 0.025958979254273006, "fw-bw-bleu": 0.04862323612604027, "fw-bw-bleu hashvalue": "3a65bab5fee9b78157802fb437431f476c9a0de7f376f4657ada519d5360bd7c", "gen": [["<go>", "This", "is", "an", "old", "photo", "of", "people", "and", "a", "horse-drawn", "wagon", "."], ["<go>", "An", "old", "stone", "castle", "tower", "with", "a", "clock", "on", "it", "."]]}